beta,lnalpha,lnalpha.c
6.31732617035922e-6,1.15726488594821,1.482235225988883
7.882109223232943e-6,1.5383036405725108,1.9032876895387831
1.776668520707747e-5,2.160966136889329,2.4996820814971
1.1929548128226998e-5,1.5975360456495422,1.9191281959087967
8.217710288454673e-6,1.6538453359800582,1.9728338740061035
1.5667779913595905e-5,2.009504377732817,2.4104429699003775
3.865342919288924e-6,1.0335977778678256,1.4429641837131504
8.557788837357786e-6,1.0809333905636358,1.4687196763604202
8.559118459589025e-6,1.1474367749859926,1.851662674414866
1.1978348724926095e-5,1.6064630950367877,1.8812603577496447
1.3466407354340905e-5,1.4822499124599102,1.9880228438929772
1.2065345807257565e-5,1.5107991979257835,1.8372122985272754
3.512080598122921e-6,0.460835906355366,1.0592283907465512
1.027269174410423e-5,1.373421944416763,1.67580259925841
2.0089654099204237e-5,2.2099414124776784,2.603751215419195
1.0559063050384305e-5,1.321369922599986,1.8261375222034018
1.735636192491286e-5,2.020395445259967,2.380801277026237
8.497977932001588e-7,1.1102338024871492,1.3636955205508066
6.339248948298703e-6,1.0162877555812349,1.434764764616598
7.227573517251755e-6,1.3915628530827056,1.9311766532834564
6.6394778252425e-6,1.0791804805163063,1.4079308059576867
1.5363839444973177e-5,1.5980329007228182,2.090248704225936
3.4675103850521376e-6,0.986111891323991,1.4341777839278333
8.574963551213293e-6,1.2486254492220943,1.5033836352338046
1.8371456836806574e-5,2.216317944878751,2.7488517730772064
6.2760150153076615e-6,1.1612472635219677,1.4240760386491755
8.702575583375662e-6,1.2139343478009854,1.6641635021557737
7.905748017783576e-6,1.3763286077486563,1.8176142122350858
1.4833870821334132e-5,1.4455512729336604,1.847949507311292
1.3665535923595836e-5,1.8607134857892182,2.1992955682773117
6.282093024087653e-6,1.0682582069162743,1.340535773783826
1.2378972785481006e-5,1.5082064806213205,1.9002544343828898
1.3567587767767758e-5,1.5890648223072825,2.1466345698639526
1.0551844031613353e-5,1.225886560300233,1.7087333259287802
8.783786404321367e-7,0.9869553151850494,1.354791760652829
1.2593962242287037e-5,1.690231711401403,2.171112826015327
1.4952554332288137e-5,1.843459217793919,2.24771974041072
3.4068739470955e-6,0.7107232544708699,1.1771999761380365
1.4405004112541505e-5,1.6430123077366157,1.9579666589830844
1.3118152400525373e-5,1.7998386798874748,2.277708891324001
3.771895653352074e-6,0.9267211810118452,1.2929347822952493
7.199737920535174e-6,1.198974714484008,1.6312530075229095
6.756114797603464e-6,1.070190035819992,1.5827999727151436
1.7935372098128416e-5,1.9097558921979525,2.3489292702811673
6.234019748750023e-6,1.3489763255809226,1.662156624624777
4.255270962376379e-6,1.2269173890445892,1.639685993991754
2.406489118065808e-6,0.7680513404772404,1.209869045612956
2.665972619620202e-6,1.0463790683515721,1.3381202604694968
1.9358405289847066e-5,2.261137087404165,2.6531408237837812
8.849838917551723e-6,1.175796513162519,1.7651724870304282
6.672921856811994e-6,1.2903042929503692,1.7395913017823612
5.769029677400367e-6,0.9725189817118679,1.308046191044171
1.6267695146252005e-5,1.7231839999108067,2.0647386026774157
1.8494410417001068e-6,0.9915326873960872,1.480692387768158
1.1561042636889628e-6,0.7858842937718968,1.1032606227046424
1.559952725523111e-5,1.7184875371374897,2.2421697267087115
9.384658351738912e-6,1.3019723565790786,1.6520832779272498
1.3909670577835561e-5,1.5515774901912653,2.0946603797879417
6.149159903259992e-6,1.1033813041170124,1.4353836008516248
1.6929187081459e-5,1.8856696062409652,2.15187063183436
1.4014407182534345e-5,1.69583999386787,2.0734639716312064
9.536766145787953e-6,1.3163329372519061,1.6378314082331726
1.3710399351797598e-5,1.696945298474842,1.9865600601635285
9.757659579548427e-6,1.3882751920391845,1.8088626431809016
7.0314331667381015e-6,1.11324439174152,1.4037193555292622
1.1074310976955254e-5,1.6668759802560595,2.4556794948167306
6.796754533081673e-6,1.1576973285866523,1.5742103457419052
4.8708783895741305e-6,1.2419398260727184,1.87030271844309
1.5491121682020215e-5,1.6068994127189393,2.111411832706453
3.6406211627590963e-6,1.0436593346235954,1.6133305789189385
1.580415967157459e-5,1.8544736973047495,2.262536369390064
2.148460400738099e-5,2.1528408039345996,2.6915237470826145
1.2747248280431747e-5,1.5867275111968155,2.050703421649123
5.912263566548444e-6,0.7733610143323832,1.0883215308391496
8.662491118547354e-6,1.4126894447759035,1.9035495843663455
1.2988638847059776e-5,1.5756880602474652,1.9490925726820216
1.7559784040732758e-5,1.7160101318330976,2.301002292322952
1.6130417329702747e-5,1.9773795035938517,2.33103686511946
1.3476823150438692e-5,1.532094909396632,1.9240844547810463
5.391377501056854e-6,0.9937809650547929,1.363175852875314
1.0779492074829342e-5,1.400668835493489,1.818526180914744
6.030777816802503e-6,1.2368330446980054,1.752688290638817
6.38080312109993e-6,1.0737220421882052,1.3843534806091269
1.5817536626897975e-5,2.020054714323513,2.853403255172094
6.143582126701551e-6,1.1226114371276852,1.5437328837341793
3.1979141315573905e-6,0.7884214774296942,1.3050437758986955
3.5068533898949823e-6,1.0444203708536959,1.4335196589851362
1.608634644073844e-5,1.928815428971396,2.575047573608038
1.5424497594370405e-5,1.8713288671990083,2.1941786886287833
1.314511892117889e-5,1.59640670985393,1.9505612286533345
1.689921073222382e-5,1.9824364563967511,2.349140002345867
1.7750286067985328e-5,2.121564508665613,2.600449522659902
1.7383491758403949e-6,0.9739896128396164,1.5983730245359902
1.0284445981551479e-5,1.2760911141302622,1.5809249954975713
1.5830095239058317e-6,0.8602483613219973,1.2287501960358638
1.702919378693078e-5,1.9360212733101692,2.295828220321245
2.5467910573788486e-6,0.8205953778359787,1.2070927758350156
6.0056163734485875e-6,1.2684120687681872,1.5791286080210878
7.277174772066477e-6,1.4236889165386648,1.7597154696328332
1.6618236111323414e-5,1.8247629536921182,2.263565702910875
1.6079883929571163e-5,1.9031906883259901,2.434079286174328
1.0473068238425779e-5,1.521975046219751,1.9430025192011113
1.1804976261856858e-5,1.3612451378752592,1.68274106668464
1.340883875860351e-5,1.7256446562589542,2.2432644835832174
3.4514338402922184e-6,1.1990597097614304,1.7866295925206939
3.7678034117453224e-6,1.0702654815762258,1.5472978248880107
9.839385754719136e-6,1.5329139516019341,1.9188555808728958
1.6101218097291343e-5,2.0144796425493006,2.5357944778855033
1.2894856412423194e-5,1.432029578536935,1.7829343456227913
1.8490218447225773e-5,2.245302689259569,2.6127768383171706
3.866329989626549e-6,0.606140751495168,1.1108175910777283
3.7989221527965625e-6,1.077288021492928,1.4355822253286274
1.711726889380568e-5,2.0068216526642053,2.4303256630038517
9.124106784787187e-6,1.2584091791705192,1.6439893869489983
1.621335781295952e-5,2.0777779100801483,2.559305856302738
2.06368350657304e-5,1.8517894347166644,2.2618511480858787
9.93898941977777e-6,1.028197803674089,1.658073813176148
4.620952829042708e-6,1.0890746960314868,1.505311239287449
4.925654576822126e-6,1.1836431143937174,1.683239092521281
6.906099641921773e-6,0.950122455372163,1.3852350560191764
6.2512385453153325e-6,1.0563158959238437,1.5180801370503751
1.6210705569872634e-7,1.058447166059097,1.4279055108950287
9.916517234673928e-6,1.4982428128112995,2.035603208093274
6.238326837353831e-6,0.8287469327120104,1.3440270161981607
2.6009377149055898e-6,1.043835059830991,1.5736277616787246
6.361719500826831e-6,0.9254945195490365,1.1846561824226638
1.1692806986604011e-5,1.7117464185223532,2.03693344952513
1.2009621092144112e-5,1.77146527671948,2.239975461944881
3.3089358010824976e-6,1.0445793420943124,1.4896006851899048
2.15316215172318e-5,2.138539637904423,2.8983690295399684
2.776673247213814e-6,0.785231372235893,1.201090421284532
1.8056609599754134e-5,1.954528748458503,2.3914134748615963
1.0814280853434246e-5,1.2280128681363351,1.5861595963797612
1.2842317859787467e-5,1.5674461005129021,2.00142622814028
8.094247491717166e-7,1.1022755474983332,1.511926813160415
1.1698914960680709e-5,1.30532226861792,1.693456293372292
1.0779486419079775e-5,1.4326317646961084,1.8833207163375465
5.0074986351843e-6,1.1069576840267192,1.843572285994223
7.534623744693651e-6,1.4603197292804366,1.8423891515315702
5.703364639428269e-6,1.1760212031035577,1.475068934475379
9.689512034798957e-6,1.3226183048444213,1.6292654661085373
1.6690997343698823e-5,1.6258990679312921,2.158608581628757
9.482000542401952e-6,1.286590498794923,1.84754737335485
5.671528372738952e-6,1.2707905429077917,1.5338479384217734
8.463517222726911e-6,1.5166806821476706,1.8690189455466677
1.0759073378949785e-5,1.142967890029122,1.3939901111034607
9.31054702774398e-6,1.4222838277987857,2.099898279815152
1.605490570596217e-5,1.6323678993073991,2.2127823645757903
6.350727269973351e-6,1.2200844565528288,1.6091903653060895
9.122967014967034e-7,0.8983686436976803,1.3944112213378261
1.2275866364036208e-5,1.6336472345164168,2.0701226856057606
7.026844385006934e-6,1.2821159422761366,1.5702391216724498
9.201647175172626e-6,1.2161556272590235,1.644836566743415
1.716574603265102e-5,1.780235205603151,2.2856663828233996
1.0061550332023168e-5,1.3627569259968426,1.8863640536849435
1.3802234693411224e-5,1.5538831966316604,2.0601994668994736
3.322178137991132e-6,1.1129016697557774,1.5320841660361364
8.741365501364771e-6,1.1777597023695647,1.6178606831583546
7.865358807098354e-6,1.4393040280766982,1.8200301080426757
2.1975129104793556e-6,0.832135284559971,1.1437601979019125
8.936808976072825e-6,1.2437127221549593,1.5380234986632466
1.7936335648719595e-5,1.7916190222981816,2.1458969829165375
2.4882245100901357e-6,0.7915903242211549,1.3484985079748375
1.2315149584522183e-5,1.7540175298494745,2.3164705899098026
1.9621549191168068e-5,2.0398533444149294,2.4446890132904433
8.289997408294054e-6,1.4610641121745485,2.1768148365840654
3.1178817767637817e-6,0.5257757294712435,0.9555771029694032
1.4988323063536964e-5,1.7327152736215496,2.2781990417127735
4.191538058941458e-6,0.9170200211646641,1.2947422456604902
5.667469487653991e-6,1.0040145757304444,1.4802510088546619
4.617224194774066e-6,0.9691199935118411,1.4090715717165805
3.955965689144633e-6,0.7763481506468478,1.1134094069327998
1.041090398564721e-5,1.5526128822585836,1.9154332963490854
1.4108287819731784e-5,1.8966160319082717,2.203975662639075
1.077606689550986e-5,1.4971858196570627,1.8759099691397205
5.82613755516003e-6,1.1350630038755916,1.5993548752521138
1.5258557997992839e-5,1.5960636317015058,1.9744838299046732
3.228419198227467e-6,0.7822881452904132,1.1747169139991327
6.963892606063923e-6,1.15563375064841,1.6612201994885314
8.4369610662053e-6,1.3006925012942445,1.6534838477070395
1.387132732733452e-5,1.686719283060578,2.167782911139969
1.3130224710906017e-5,1.685366703056209,2.0333576477596034
3.014093993428858e-7,0.7620487141156396,1.1359474033183217
7.745824269305888e-6,1.11084807879158,1.5807840477504884
1.25714190169934e-5,1.70415747523179,2.214661214275959
8.746999056614447e-6,1.2622444299181246,1.7956627079910912
2.661041997978485e-6,1.0770514822870163,1.3027627632737218
1.163828631366051e-5,1.8765483546335893,2.4532660467358998
1.560551725088803e-5,1.9717417365462317,2.381367661529714
6.243760029688847e-6,0.9847989798511649,1.4624913821953744
1.4042149554939386e-5,1.4332940727500851,1.8068813654678393
6.542946253220748e-6,1.1409357596346799,1.5966615825754795
7.998647234769537e-6,1.1583437347751746,1.5312114618307762
8.369839953328014e-6,1.1807120028969194,1.5573962439564837
5.440511206242317e-6,0.897974465577274,1.443428849180123
4.5598717596228495e-6,0.8062761063818964,1.3792938516779643
1.4220681661388857e-5,1.7107339301269926,1.9932352536306515
1.0994500903340687e-5,1.231688296383538,1.6582195389963599
1.7877966057929765e-6,1.1431056655770047,1.6639807001909412
1.0330031550631674e-5,1.635900465373294,1.932748053500942
1.275555676475606e-6,0.8492456061824519,1.335881545054938
8.592184426340238e-6,1.3039273926615431,1.7483348019212452
1.2307374685232879e-5,1.3955347435728223,1.7766806305993739
7.018239862448318e-6,1.1068115182988802,1.3809069888574526
8.50240866424035e-6,1.416029589533233,1.7824035921017278
7.771859170909314e-6,1.2469717787471777,1.5900847623224692
2.7256069269813086e-6,0.8460094129306291,1.3097162505100268
1.4033877997704462e-6,1.0820170632127268,1.3955694291141962
5.098176550602275e-6,1.1524004291279883,1.5922814710473812
8.485032846950428e-6,1.4535285586030253,1.7716737163009093
8.941910730555738e-6,1.3327155015168255,2.0298496468749914
7.296375009822871e-6,0.8864922002298972,1.534205303464609
2.1514092336585984e-6,1.032572796729891,1.3403793812823062
5.368275441789275e-6,0.8662152247136223,1.2105206963393922
1.305301637113212e-5,1.4395304577722658,1.8779713612335516
1.7576034285287644e-5,2.0513788808379534,2.4789012448980627
9.238975502701068e-6,1.4671367846277519,1.8413216469780815
1.5093996620879395e-5,1.6707745375186145,2.2742254246445963
1.0191348944115046e-5,1.4117895891202732,1.8389113526354088
1.9844432351807413e-5,1.8402561366551962,2.3565491692985874
3.4724591993793667e-6,1.220871397302009,1.5526232660167014
9.411612686822524e-6,1.3452904154343128,1.713069973508447
8.802866947154585e-6,1.3849784627136414,1.6828851017741873
1.0378502980355934e-5,1.418429980120214,1.7240595846923685
2.0579774466284037e-6,0.7460586893711663,1.0775928942953534
1.0202453710231503e-5,1.509916964333366,1.9708459207416618
1.2630433259698706e-5,1.4514144151093578,1.793350873817595
8.765806175101354e-6,1.2232851797145463,1.6920390875588287
7.463447443958756e-6,1.1175895629722281,1.384117214713592
1.4544476131991381e-5,1.736006487836874,2.3591659780930834
6.3405038948310245e-6,1.0384257020290977,1.3193421445499574
1.9588482171892985e-5,2.2002573325961747,2.659366694582168
3.880899349865569e-7,0.9017213692265539,1.2267230497680244
5.424653478725812e-6,0.8611853507834741,1.3569148805406015
1.3255638148041187e-5,1.3832765873483992,1.8584576711836158
7.060573308043869e-6,1.197121754800478,1.5534588810751728
1.218507751181071e-5,1.3925206301267428,1.846407115241506
1.3286943301227854e-5,1.8134015174328115,2.1162630452032776
1.4919088464402672e-5,1.7661702780691453,2.16686575339455
4.330383124268793e-6,0.9529595800009172,1.3178834271873228
5.8200357527614355e-6,1.2094714909898328,1.656717043099997
9.556667551619052e-6,1.2240483262356991,1.5480405808933828
1.3692936738694956e-5,1.7458827780496777,2.187975796818768
1.9326220121430267e-5,2.1789068272010863,2.5034247697526375
5.515796306402208e-6,1.0502554215728617,1.3508721748859382
1.90847981438521e-5,1.9986364295361456,2.3383881110959512
1.2259404167165458e-5,1.3409165636035076,1.6944369566541173
2.9323915249967484e-7,0.6242671166877898,1.1906161284430472
8.695901264694335e-6,1.0420577086243745,1.5164284145836133
9.075759120990782e-7,0.7752958907351708,1.09398393847761
1.4863013424982007e-6,0.4019981963442998,1.1578340633246258
1.3292217471424889e-5,1.640346491626408,2.049740768826873
7.389527336893673e-6,1.1941893831055528,1.560160066941402
1.4327267009852395e-5,1.5294531180281503,2.1564513506277985
1.3994922245942077e-5,1.616299988572209,1.9167576810421283
1.090076434574405e-5,1.4378652453270948,1.687835587901203
2.251165777986596e-5,2.0713527020757647,2.661557745498533
1.213658388075057e-5,1.665159952362087,2.233071332715532
9.224021684668696e-6,1.42761805156657,1.7965271966105454
1.4385231888808323e-5,1.7808226127024356,2.128541556666705
5.356686830059625e-6,1.2772795467264129,1.6435922648985017
1.189262863470323e-5,1.325410404813357,1.7652372309317186
8.03472170045461e-6,1.2980397375259793,1.8192681133962632
1.3032421176454883e-5,1.5409230793509394,1.8311685860560385
6.8060827908096944e-6,1.2763098186293804,2.1052585256559366
1.1583798434087733e-5,1.676276051718515,2.0438724655438247
7.0052352458734215e-6,1.31746605599169,1.867139301241243
2.2110653788060087e-5,2.294255396830245,2.706735877305449
1.0053395317299678e-5,1.687437679936402,1.9863097551174103
5.467728645741349e-6,1.0143758019280364,1.4056521075332218
1.3334547442516457e-5,1.6120373001740116,1.9680010380136326
2.8014394313518536e-6,0.696517060624354,1.2616953954152983
2.303647540590444e-5,2.066427591891719,2.4590017027242355
2.224729574714743e-6,0.9638776446658922,1.3419370012492622
8.12706718660352e-6,1.2673246090303452,1.5758933875172836
1.4488214503553328e-5,1.6408657593502116,1.9641154816740907
1.2301730648300578e-5,1.4764645379566392,1.984748440851742
1.734784118826099e-5,1.9954620636687959,2.4531926178270185
1.2047214464023612e-5,1.124523665947451,1.6446974691566614
7.739373851007172e-6,1.2528929181668194,1.6564398401669362
1.4982692097231432e-5,1.5823660768322296,2.131278113679456
1.690189410201242e-5,1.9646741321049108,2.4960669244235736
2.0109740867716776e-6,0.9876696564340495,1.3421512986090778
1.8706974155401175e-5,2.1863549400178783,2.605986467728874
1.5848319513229769e-6,0.7402085464759744,1.1416887704688703
5.743403602984591e-6,1.3225626984490062,1.8083350102934026
1.9033485605260765e-6,1.0047760505690233,1.59821187247165
9.862502931266469e-6,1.330370316059273,1.6687476070361364
1.5068427965447005e-5,1.4282005943348943,1.9461298867151497
1.1945849710559183e-5,1.5326903311274027,1.8389615264791026
1.4119297344484263e-5,1.7503651508104079,2.269043194969952
1.0160195301898586e-5,1.3299633898759544,1.6127200636160017
1.303548596643322e-5,1.517706607023243,1.908677898906219
1.1369236517775709e-5,1.699597545799861,2.0522870636195005
9.126183523440518e-6,1.349527456066895,1.709037772802203
5.672067249227143e-6,0.8544676999157466,1.2710313606060066
2.0114972246411564e-5,1.8803863931267244,2.2422475451851698
7.141800372641309e-6,1.2628743013544972,1.6995519518638176
8.054128972191848e-6,1.2579814914993366,1.789334190438262
1.396673998447597e-5,1.777042897238911,2.3421714365446067
1.263719766680482e-5,1.2860502697628888,1.6762159436016948
8.555162761348604e-6,1.272614066626611,1.614645341199187
1.1587052835100154e-5,1.2806801498525477,1.8912785702083634
9.876844742851808e-6,1.7182831119594397,2.1757596549940925
1.1434792114693122e-5,1.6334374399545797,1.979925134881714
7.181718116310951e-6,1.1286205498465818,1.4312147938177964
1.5196153722866789e-5,1.9794618367680321,2.3378307331561854
1.1745052818368603e-5,1.4486852220674236,1.8697247358317175
1.3949737979987903e-5,1.5971168647952956,1.8502806295638579
3.4083153907664117e-6,0.7960518905955507,1.2090264540365827
2.0318746128469756e-5,2.2358597254105907,2.7335535991324504
2.19999943585596e-6,0.8943852997462711,1.2729641851998588
2.2240052868678965e-5,2.0635125991756755,2.4894240233990312
7.022002169735094e-6,1.1231890405969709,1.7042840813195725
9.309239455782763e-6,1.1786875398858427,1.464909004276946
5.328127219667469e-6,0.885681649785041,1.2843186346207767
6.35564273035834e-6,1.1535587656260653,1.6200933411847014
6.212785929788163e-6,1.174097836725702,1.950154428163319
6.7532201539355645e-006,1.0583388491702896,1.4795098052776041
1.7723714373461684e-5,2.104929220082129,2.6015899955939266
8.687414163859092e-6,1.4372299970592142,1.7799648267676997
1.174964287826431e-5,1.5667960849054248,2.110667097236675
3.835681200346009e-8,0.7398043860419048,1.1135515664456634
1.0638939838892053e-5,1.7041202133244155,2.179972468139294
3.6047883407404095e-6,1.1419017792201904,1.65155970349745
1.129285646260259e-5,1.5077822476076923,1.90494097934925
5.898595853797254e-6,0.9969641216460685,1.515353732404348
1.2873671723658054e-5,1.9211605697585343,2.382508896921795
9.130777605210318e-7,0.8077971764166488,1.2216983819003233
1.1941803113705174e-5,1.6626714667194027,1.9710193538523184
1.8231912944714496e-6,0.8976834169068406,1.3771825770420532
1.3511732330340707e-5,1.4458221087845962,1.8941702577448827
3.901629919900039e-6,0.8220506115491437,1.263306370492858
8.967601646308056e-6,1.3377748663335929,1.7718921551067832
1.7393477611471674e-5,1.9581901490468185,2.258210438745503
1.2908021044067607e-5,1.9472997484263057,2.4916981723761964
1.2866089463564603e-5,1.663654077642773,2.127484907863327
1.0458707612423851e-5,1.3671453251636188,1.852095045108582
5.763754398191282e-6,0.9102016827312851,1.3305383613456576
5.320059884728816e-6,1.0032946284236401,1.5307958278554115
7.330681354752397e-6,1.1377979429172795,1.6421586612804675
3.144819032983446e-6,0.8188170075046879,1.1842938459800934
1.285845291865244e-5,1.4920195818861481,1.8255142985942787
1.5657325038989186e-5,1.6222022078383744,2.069775402143364
1.2846611078436662e-5,1.7496162037377274,2.184350315780499
1.0588811157086181e-5,1.3489871122724033,1.6575753197428273
4.218830796130994e-6,1.2149890761841238,1.5631013871956352
7.269668637293617e-6,1.299036547125377,1.63705323609984
1.1834205625427347e-5,1.5284118787351624,1.8917567297292028
1.1639257765965028e-5,1.684918810449419,2.118726327563998
7.830736244538345e-6,1.1814460853345268,1.5721408549083256
1.4065522120087338e-6,0.7965103910692852,1.2713681062062352
8.287572809068528e-6,1.2146494125911973,1.6320457497705918
4.463511768790209e-6,1.1339390104727665,1.4963800385641743
4.4940711370777006e-6,1.1169344623123374,1.7670327330920665
3.6361169543368244e-6,0.9825154913616819,1.2628678094775436
1.2109455092133935e-5,1.4572778611649204,1.7884325704739459
4.8406828419406555e-6,1.1943516521131143,1.5735811981418546
1.68321967624086e-5,1.7937672415139136,2.1409480743101654
7.379164588590887e-6,1.283753831065314,1.6666568367833345
6.758979845827777e-6,1.0960681908168868,1.4274783566878018
7.946519345385209e-6,1.2535616902907756,1.708222012367854
5.713807935892325e-6,1.2272912840188468,1.6331524275149079
7.180967665961192e-6,1.5127755429009466,2.0069359267735978
9.084982428306883e-6,1.4277292179712433,1.7311377236953187
1.7473399979113917e-5,1.759489694218886,2.2369486544338035
4.124235292896396e-6,1.1277245428025708,1.4917348344967518
1.4374759241221825e-5,1.5916265148994955,1.8191913326578013
1.1320725045432428e-5,1.476452079821448,1.948371301881128
1.615841454068058e-5,1.8008094100074288,2.227195476844041
9.690094460642549e-6,1.5016562720157536,1.9783544750367836
1.122835842424326e-5,1.3717269446183726,1.9741329254051576
3.702912310735148e-6,0.7707275773546656,1.067739172405563
1.9866705698851117e-5,1.7446950992835686,2.2889792550897146
1.2345963467053947e-5,1.5740588582235207,1.8955071872967317
3.7141362883228763e-6,1.0735343828489556,1.626259204853964
1.643520672325646e-5,2.1285185469731376,2.6478699570720243
9.065383908014176e-6,1.6552457519279051,2.070844155262942
1.5192846067907708e-5,1.8000959058832495,2.5535566098932514
5.982551387876545e-6,1.3461677291886516,1.671939644529664
1.3464494946619141e-5,1.2433452055082004,1.740263372750267
1.0965144451170954e-5,1.5123732505880125,2.0043500900066227
1.1292084721604235e-5,1.3598178825790468,1.9174520456479716
6.4968860542242545e-6,1.1163517349544412,1.5100358860203842
1.6604722415839103e-5,1.8540770543971903,2.233139989854664
7.810926819921631e-6,1.1826414307192106,1.6175145161041353
5.272807696156825e-6,0.991093310772363,1.3978684174259335
2.2020195590532934e-6,0.9512587389917145,1.2164717791275825
1.0226156495700093e-5,1.5198590384933566,1.9156472751069842
7.664870024632543e-6,1.354051456019181,1.6801632934849031
1.2234859755545445e-5,1.7990942765772449,2.3326631952914765
1.1272358338534724e-5,1.5373561978846924,1.916864459627119
3.612059283483758e-6,0.9549764073481817,1.3901730855088315
7.874790597119282e-6,1.1557027141243843,1.4440370660693482
1.2223372190240341e-5,1.463163777807116,1.7077650675612728
5.700523532319525e-6,1.4620806510114894,2.1313626602868116
5.905194653895373e-6,1.1430195924666062,1.4614285320055962
3.8512071740335675e-6,0.879565741711922,1.1999769425575981
5.038148369543459e-6,0.9924371523384139,1.403902508890668
5.471657004971933e-6,1.3013814409880788,1.6493750423971119
9.961258685180868e-6,1.3990456038389414,1.788377226765304
3.9008931579183326e-7,0.518702769592842,1.142413349578803
2.3126737733674976e-5,2.4909196253922152,3.0028795278159897
1.2418062332376027e-5,1.5084990783038947,1.889123601226117
1.3392578603895736e-5,1.6682306815479224,1.98733768089498
1.4545073094600456e-5,1.6698077388194714,1.9945229114594367
5.810294723476256e-6,1.2533778343405042,1.6969778003585572
1.2282140768393771e-5,1.4266775924853459,1.9457638458170297
1.2434700125943435e-5,1.5345632804691478,1.851964482348893
8.523845824812435e-6,1.246773368364543,1.4953566800442057
1.7820760630141397e-5,1.884606558687019,2.5046616888600592
1.6997594333454667e-5,1.890715605088796,2.2273698238574178
5.19666457207342e-6,1.0359342427835605,1.3832702876940055
9.660135737937114e-6,1.4473218434098283,1.8944384418271896
8.924243064295215e-7,0.5824552088667754,0.9412013051036827
1.2291828182630281e-5,1.689772815742471,2.074525441405494
1.2964462500546841e-5,1.599647908395291,2.065777723393436
3.2463035684572525e-6,0.7058377112058054,1.0038509240142937
1.111188551327824e-5,1.686738583138736,2.310135439164924
3.722821441040021e-6,0.799188590410721,1.1559869446223512
6.013288416443697e-6,1.2585423552011734,1.5817892501982684
6.03264833966685e-6,0.922329393096457,1.4928652472097874
5.370401856620756e-6,1.1700717839190422,1.5182190167340723
1.4314599508218909e-5,1.4998420576824352,1.8822626926293666
3.873278556969064e-6,1.2752369183297025,1.6463640978005107
4.8276404658221775e-6,1.5361716469681297,1.9709703008794799
4.167764851296849e-6,0.8299258437011127,1.0596505810570775
1.306416264646321e-5,1.4182314481446594,1.7128225255773264
3.6618421782513356e-6,1.5457728659270915,1.987198428186711
3.791766958045649e-6,0.9716122257747138,1.2226471117105009
4.96384429277867e-6,0.9921323938453674,1.3770341865389073
7.2649433257638366e-6,1.4240248082338807,1.7497871157453193
1.4070765159470939e-5,1.75383375620989,2.0355344704348397
7.324045656952302e-6,1.244828596019883,1.5160158167999458
8.426438564418861e-6,1.1578834776500346,1.5220234874214427
3.8077174954165492e-6,0.9261726831814424,1.2504928997552591
1.4523073010547796e-5,1.4889681840656959,1.9388134032542343
9.470963270618292e-6,1.5366490287974512,1.9796794941385554
7.23885240510026e-6,1.2264442708763124,1.5849510172183576
2.389103203913707e-6,0.7761861725003893,1.1646564258083922
3.610844322872924e-6,1.100072654387568,1.5543801520953229
1.0858916861480035e-5,1.7006840754037733,1.987259344335347
2.940966924859589e-5,2.96803719892573,3.400649685360848
8.994930925439434e-6,0.9647550674735376,1.4592389823046694
8.31611125234202e-6,1.1172880277641404,1.4846802534799197
4.213970677384806e-6,0.9046317406056777,1.4069359354512252
9.017050855364125e-6,1.3334249671571856,1.7124768395816825
1.277362895308921e-5,1.5625387368747468,1.924719454950408
4.269506320170326e-6,1.2520467632055352,1.5968471963152617
1.013046412910231e-5,1.2842144907287834,1.5649920179404218
1.0169837756775678e-5,1.436507231534757,1.805154751960007
6.344759619564376e-6,0.9228350874549772,1.337656490450005
1.6296417546195232e-5,1.7502041790644318,2.053358585152167
1.3722547596020728e-5,1.7672168518151183,2.155513721542459
1.6959247258506724e-5,1.98041622598003,2.460940253282831
4.70477830766335e-6,0.82771138094762,1.2863403242007505
1.4575894359375658e-5,1.681812497771464,2.12585588711531
6.827493209003369e-6,1.260763840341603,1.6756866846151184
2.321426880716465e-6,1.1238998477170228,1.4223320319427524
1.0300564299814907e-5,1.4920890954821882,1.8329034926201806
8.41032704762329e-6,1.2838556332479405,1.7622724614403475
8.629775077731148e-7,1.012718634983683,1.5673450774984345
8.984946217030677e-6,1.1905330822825897,1.5819066360133396
1.0196097962499193e-5,1.511280795540315,1.8830267356726824
3.1397133055293546e-6,0.938532845633154,1.4289615660252153
5.0778685605328705e-6,1.4217914544604557,1.839757316512146
1.3068375589455168e-5,1.662934828119489,2.2261288006324857
7.349816013284964e-6,1.1741372546099467,1.5713965310840023
1.2488608917876784e-5,1.4930429658153552,1.782288338542862
8.553778144111013e-6,1.3718899352754432,1.7623192309349922
1.1921861775913715e-5,1.4788049290535576,1.8380689882845547
1.025016433360995e-5,1.379750741161616,1.6967616322270573
8.962160135679765e-6,1.4502870259964344,1.6989324433743092
1.3975700904696344e-5,1.4886123815657495,1.9071459088109877
5.07660022906129e-6,0.9113900764915319,1.311862865595225
9.764677376889761e-6,1.4119435664939126,1.7683537099783957
7.387054064647777e-6,1.177540198919102,1.6767502942130943
1.0780004164486548e-6,0.7591347896811715,1.0393712362314274
1.0579870458842421e-5,1.4678358276121815,1.7949979962928388
6.227366947878531e-6,0.9769658871365214,1.5589452652945295
1.1531063289402441e-5,1.6197152703859745,2.179367839210334
1.2888261367952823e-5,1.2301018108601378,1.5800952690844388
4.963234575762427e-6,0.9864051914577827,1.4249590345262475
1.537222125332772e-5,1.7500297558991316,2.098511029010119
1.1681288554492658e-5,1.4123730034081703,1.755265513147001
1.684464751909004e-5,1.8633331705291594,2.2777778212154884
5.174586848516078e-6,1.0180756258286625,1.3254521449708856
9.326951446527104e-6,1.0713977442307676,1.4719588473275875
2.1190503542817146e-5,2.368364773977996,2.885843919586735
1.7119899377413032e-5,1.927288166769599,2.348786163139456
3.2103878504159694e-6,0.8212756387625464,1.1771965946641387
1.0398523389865332e-5,1.722977292427353,2.098824921991302
1.6192173099664604e-5,1.9360304506339956,2.445344914685102
6.4113165031929865e-6,1.1400625425248707,1.4310483424443996
2.0156050164254063e-5,2.0590912463349826,2.448713368004907
6.760307464317375e-6,1.3153028347260793,1.7021392152640673
7.787236504562958e-6,0.9611086853938273,1.5503466565430737
7.885156645255962e-6,1.4308537484410204,1.990303152035192
1.8756069864587607e-5,2.0579567685399165,2.39575839799107
1.3010087186899777e-5,1.4800866212031645,1.8935197778507291
4.016717292822435e-6,0.8389110699522186,1.210187203721187
1.248727270681754e-5,1.8078485268534152,2.256320390397195
4.265866618543223e-6,1.214612518627432,1.6165610691305625
1.617986684274251e-5,1.6488183592595724,2.0971251546434906
2.958390441013704e-6,0.6226268311610922,0.9933322277120158
1.6065747948446745e-5,1.7657320012225977,2.1474749284900057
8.14552589499234e-6,1.399292334589701,1.7886706864374784
6.7647705585275365e-6,1.1942201785164501,1.4623189613965657
1.4364958633849265e-5,1.6661435612959017,2.0355305765083194
1.6667296879865633e-5,1.6445099942756212,2.2781736470200946
2.3469667836235095e-6,0.8361082429515916,1.3882531102602123
1.6857203391292762e-5,1.7844235354086135,2.0944394882582262
3.277551202850929e-6,1.0678390039012227,1.31885652156082
1.1047220630307766e-5,1.8102536017125648,2.2604980173717726
1.4498708878674194e-5,1.758849119366908,2.1519423170448957
1.082279105470816e-5,1.673693499965556,2.1623187260775154
1.2015347585566187e-5,1.3503521154756326,1.6422250368452376
1.5128572576993934e-5,2.000178304830191,2.342242450430029
6.619963033104813e-6,0.9744340944693765,1.5033945925339782
1.0903920744075371e-5,1.746477216537076,2.1842136012924547
7.878807535575542e-6,1.3564484603049718,2.0035594489068944
7.285598092768498e-6,1.2264301360810548,1.5734043497017698
3.793782004550234e-6,1.126965344412325,1.4710981516150936
1.4062637417485082e-5,1.6549675876014827,2.037612488702549
1.7969158103417003e-5,1.9739838535821796,2.2967108630645763
4.446948036108958e-6,1.2449278879034318,1.5727369677531444
1.3564078223552989e-5,1.721435626026772,2.2016310367840948
1.585395884735825e-5,1.743285104825679,2.1175013598334096
6.504641975694855e-6,1.0899022726010754,1.4907021476039197
1.50266394733682e-5,1.8379324318290113,2.092058649305946
1.2576137955918717e-5,1.5714522963781203,2.082853227714285
9.684524972047056e-6,1.5278803198086166,1.802987250775542
6.661687725983825e-6,1.3024286852295,1.8015180341395807
7.613587171777361e-6,1.266165622937359,1.927587949672073
1.3163359520179278e-5,1.712374074851435,2.058777887553914
2.13131813737288e-5,2.131961613360865,2.694351893933823
4.562274464947338e-6,1.2880587397552536,1.6996342152209365
6.548541789234626e-6,1.298414302399727,1.5959121413907713
5.93048612995912e-6,1.167336344917206,1.6358532284840153
8.49216508537572e-6,1.3515078410020998,1.5832558585271097
7.1845235467202356e-6,1.1706578675471824,1.6352000884705202
5.4929032606072395e-6,1.1028637086381061,1.367010929226748
1.0742084708958506e-5,1.4620378389952489,1.7829855536451173
1.108589038911516e-5,1.632957508385157,2.0727770031862556
1.5033804451999463e-5,1.8421144856193155,2.1474874568023496
1.70283540850309e-5,1.7184285482773465,2.1075857648989693
1.1936209398905071e-5,1.4559946435335793,1.9177924908383859
1.775765351961025e-5,2.071681330367455,2.639111463380721
7.225594591433381e-6,1.1353811871362889,1.4767721125815985
2.59487504399278e-6,0.8127410339702348,1.198657856701792
1.4890622732639314e-5,1.882877883051094,2.3510054451812845
2.0726904504222244e-5,2.0835807704984983,2.4053166505233126
1.4429819742223991e-5,1.744905017852643,2.0788345891290136
8.744969333140527e-6,1.1715797174899163,1.5442151327104896
5.823282225216465e-6,1.1934561520548752,1.5320865238116825
1.0252023520496717e-5,1.601082065452195,2.243471884408633
5.809714481294889e-6,1.224903638704365,1.5573185480109544
1.0015011270607236e-6,0.57679914470207,0.8301307423096391
9.278424579016603e-6,1.5511486780878574,2.1556359348317145
1.4033863830274011e-6,0.7422659171719607,1.0521680369074682
1.267090548199828e-5,1.910947536477731,2.363279253756837
1.7536964311036678e-5,2.158698611697216,2.617396113750733
1.3303870207509617e-5,1.6636960576642525,2.0582506612273397
5.4290895234793025e-6,1.2840704322338592,1.6958043781722498
1.3968447799040796e-5,1.7349131549116334,2.1124149133735513
9.034496669066313e-6,1.4828733682359678,1.7991025623046757
1.4832717256936415e-5,2.1404614928019137,2.6656172241059024
8.200137033660306e-6,1.1697613937452904,1.6711774422308134
8.438938150937855e-7,0.6355727263643646,0.9206323114499481
6.070505751846246e-6,0.9163643343324823,1.5623946698713977
2.4250517288953927e-6,1.0477628187720363,1.3904708387057714
1.4600576363129784e-5,1.5483190626961885,2.2822165911318955
1.916409815978764e-5,1.8605495239620558,2.501525419709073
9.408389168316298e-6,1.4309997319398169,1.8084512849772267
1.6481073563008035e-5,1.7461358184272608,2.2221178258572256
2.05778506165757e-5,2.1201702408508947,2.707837256556573
1.0405100272243028e-5,1.4100436225048487,1.8170099533543707
1.242026643737816e-5,1.5901484555543564,1.9294718546277603
7.978829024639258e-6,1.483975110318682,1.790289517344753
2.802119631825257e-6,1.0009250937920622,1.3154927617753256
7.775362654055938e-6,1.4124637426937616,1.6753096033097068
1.5641703836761963e-005,1.9265496104306203,2.3626707246808363
7.509736313441312e-6,1.406742131263948,1.659278164002259
9.413312292833379e-6,1.581515917078549,1.8985201665490685
5.743743562589462e-6,0.9797013643112348,1.2812827904605961
1.676739658986007e-5,1.8065836630006058,2.380428746104648
6.839249560751118e-7,0.6451972158316925,0.9881549994513039
1.1221205710294566e-5,1.574393432383439,1.9073494539200193
7.217638909767624e-6,1.101871576237696,1.4448946474937938
1.5215772260295995e-5,1.803159477569855,2.277265004692892
1.4821774506124265e-5,1.7989864816987693,2.162444513486577
5.37041328677348e-6,1.0407260173769408,1.6365168513038588
1.48196009123891e-5,1.643315882330012,2.0682298751751915
1.121280059649528e-5,1.2199845935635913,1.6537252561211988
1.3449203308041995e-5,1.9413734433132752,2.588705861283132
9.750141616321714e-6,1.2539492094237352,1.5541152722321638
8.859875926035058e-6,1.3410580613368388,1.7125204696575804
5.498517015273907e-6,1.3825990320276316,1.8624011274235932
9.846113662470073e-6,1.57486109491416,1.9441943788701228
1.2009273787488184e-5,1.3945974178320133,1.9137388300205607
1.0729839842386159e-5,1.71479766436002,2.1063995182073803
6.681800870040588e-6,1.2547751661632107,1.8251440663959548
8.159211296499866e-6,1.6437685071639858,2.0740686212292654
7.913547499656823e-6,1.1268435626642608,1.4684894716135055
1.2622118209452952e-5,1.5499596436779002,1.8160271240053774
1.4694874607977606e-5,1.6130168700648786,1.98392771562918
9.274315037874144e-6,1.409790342291448,1.8188766623379253
9.247111597199924e-6,1.6798175511831965,2.0698987534421187
9.885917738666286e-6,1.5763893505853233,1.9518921259300988
1.0685233662913722e-5,1.545898648016094,1.9665404167379585
7.193678283618328e-6,1.1599825207410241,1.4394496576414426
1.2581698567989872e-5,1.6311317555605604,2.1005097946812405
9.358561125412061e-6,1.3153366628649688,1.7810550138920225
1.032054586554145e-5,1.4052874110086535,1.6449502829600995
1.557671695792874e-6,1.0456623222607546,1.3769690094704776
3.427625167346496e-6,1.1408191624109794,1.442555858044708
1.5943279776602957e-5,1.7538327060749688,2.066462249967653
2.6424371232384923e-6,0.8788375328475908,1.3774099095913621
8.083624127803391e-6,1.303878887122899,1.841096027068577
9.655786412690959e-6,1.6718211987690388,2.075052543373062
5.4553897203270634e-6,1.1852073281322484,1.5731067426179652
1.0468250013915197e-5,1.3894258059482023,1.7845499493364065
8.538904907058747e-6,1.3445426309878197,1.709577819331552
9.78437280411575e-6,1.4963093308531108,1.8855014859951102
5.218020047815931e-6,0.9554049700998495,1.2673315936083196
1.5258133760923179e-5,1.7756791427796426,2.123610124533141
1.7448452075272135e-5,1.8821124316138051,2.2680462461465694
1.2837375420032793e-5,1.6076895865481236,1.9692806094866995
9.66013144339978e-6,1.1422256836593019,1.5184745837652756
3.8347815592860725e-6,0.9733713778858043,1.3706243626813817
8.090298745471573e-6,1.2622879194365817,1.6049304856054118
9.311173691901366e-6,1.468868533810384,1.956136229890679
3.2026425000989792e-6,0.9929052537346466,1.437183296526643
3.881848241199946e-6,1.1018302747382238,1.4538568080179277
1.4961800771347077e-5,1.6973128403123885,1.9192415726348977
1.2989979944895924e-5,1.5534220922041628,1.921637623503393
4.4005899326292965e-6,1.037516182350513,1.39779670880907
7.572954636083834e-6,1.2401466964466914,1.6993242726578321
9.145607297513484e-6,1.4489331809435544,1.701096582519445
1.146932576384425e-5,1.6331074772614602,2.1137699222482054
4.451333281318833e-6,1.0476995374759086,1.5225354574219399
1.264136911762499e-5,1.2417989664070843,1.7068222905632484
1.974275563415302e-5,1.931215419600039,2.400194591848031
4.257569279640191e-6,1.0565828983534762,1.4034970546436498
8.153256027303543e-6,1.2005356041391755,1.6089801517961382
1.0398875964376134e-5,1.3949590797275624,1.6679421384107311
1.3452711391777259e-5,1.7928259633517114,2.1065149953325766
7.909573046796908e-6,1.5265237296472967,1.9422788922003733
1.79462355351047e-5,1.90611948157655,2.5271734091994995
1.2541699268090564e-5,1.6474304175198635,2.0153342124094062
5.9288160732568975e-6,1.1735573569968538,1.4316927203523209
1.2444479942917248e-5,1.6677457655479526,2.0213586818994855
8.855663549815194e-6,1.1762480049607427,1.596460682730421
1.1861598293081184e-5,1.5921943645742633,1.9532216957808788
6.423655089882326e-6,1.2872202783869222,1.9161818152848724
9.405871216351081e-6,1.320289300154783,1.6986697263447157
5.175025998701387e-6,0.9991551114017596,1.741540254820264
4.959924513289998e-6,1.0204637702285764,1.3748355542966244
4.889177186835705e-6,1.1202914949495875,1.3980117526570894
4.671751358019032e-6,1.0158021270012756,1.4158988057563489
1.328980843978201e-5,1.6388333798086174,2.069237996882804
8.761365979775595e-6,1.4066426877643965,1.9228846370495196
6.115472582156083e-6,1.3440833494573718,1.8336695842962767
5.673315894141843e-6,0.9341820868979662,1.4702544891651639
1.5588486503755078e-5,2.014403695321956,2.5429971334576833
1.8501219512166888e-5,2.1851220869686676,2.6210347399331066
1.0819229798881266e-5,1.391853342740964,1.7822529657849073
1.3302505792060203e-5,1.7274874937066806,2.1186445126441864
1.8497297708688593e-5,1.928898962992434,2.4675697146692754
6.372138325533876e-6,1.2415439577637688,1.6668867003975036
6.733176442554104e-6,1.1867435392599741,1.6509185873032175
5.294268273899962e-6,1.1501126446248948,1.6272244996886158
8.848607564615794e-6,1.2112399408887744,1.5371329828613114
6.274635877574955e-6,1.429233845049583,1.9139962968238644
1.1771345259561593e-5,1.4428415212939192,1.9454645476220334
6.7005365935385526e-6,1.130020064261348,1.520512605633281
1.482392714228141e-6,0.7305063859015242,1.0813258647058888
9.445457150052409e-6,1.432461543477618,1.7694422732689996
1.1061050236672859e-5,1.7484271462289875,2.338927648739139
1.1929506290880887e-5,1.310547849096147,1.6764421968648775
1.7584013894110458e-5,1.7614543610274627,2.1106278981731212
1.4662171404278164e-5,1.7313229102603196,2.0256290845137843
1.0957308229093694e-5,1.6652048906343249,2.0829527252803257
2.9230645503738274e-6,0.8122996182186792,1.1146453939469125
6.760042735081117e-6,1.0811792596681171,1.4015559592046185
7.875430133224752e-6,1.1908934476760307,1.6084240824579155
1.0455458782102942e-5,1.3971210427197287,1.7157402624565805
3.951425499180343e-6,1.0729599344368983,1.4714319378679042
7.850104227692774e-6,1.29205098181305,1.6753673396840791
9.759182685114107e-6,1.460397395547104,1.8494140889425728
1.7942970891076582e-5,2.1356962038739167,2.5912891833302343
9.817618456891613e-6,1.176218521087927,1.7997356226529277
7.49316048782864e-6,1.2126803582331138,1.5866287389672504
1.535534623152311e-5,1.8393267868056002,2.504175122803892
1.1355746313699178e-5,1.7155618520743392,2.3666839841944256
5.0338205673087864e-6,1.070409087450741,1.379568279487757
1.7281038594305838e-5,1.8119737978040984,2.103301727296936
9.050470217974348e-6,1.528943435715222,1.9759006003098962
1.1704468984543434e-5,1.6008082197291398,1.9467336504047492
1.68391192135817e-5,1.960473666312251,2.481438669885447
1.2148223304417413e-5,1.4665296187927956,1.7935396674973498
6.317423631195505e-6,1.4607156375148875,1.7705634888564077
8.09915894056779e-6,1.2326898629980598,1.6509384251101837
1.2036555512937694e-5,1.6857535319842558,2.186737997446014
4.79024368812929e-6,0.9909955824842078,1.3978806097370755
1.0663820959831807e-5,1.4723973491203866,2.0542335331870305
7.623271286611972e-7,0.6641757199961772,1.015905750638771
6.4286118536210525e-6,0.9835915083348722,1.342464298700515
1.345185756172991e-6,1.0661531436039944,1.7257828841146043
1.3008038435435215e-5,1.4180489411868062,1.788196096080036
5.963758556481845e-6,1.0011584084906746,1.4450822080898296
9.560510926078145e-6,1.30769162894193,1.7476754912791508
1.1461060262720938e-5,1.3990889575083316,2.027779731318756
1.2754180093496343e-5,1.6962477846539887,2.0523706715867394
1.9067311230575206e-5,1.853518363946811,2.2669307743214397
2.787122072756291e-5,2.5923515184692243,3.1459223611003906
4.856438538015388e-6,1.2816028058027102,1.7266444004307782
6.464469830031957e-6,1.1498960780055374,1.5386230464231447
1.3429655098504414e-5,1.2865864221377672,1.8502312298003147
7.9337272845921e-6,1.228456524854014,1.5488998483634946
1.002654679297367e-5,1.3655484973413925,1.733185047672963
1.4775958548037328e-5,1.897346920597776,2.2983255459335323
6.201291331647579e-7,0.744520848645152,1.3145961232908785
8.844137114081587e-6,1.5819132277212944,1.9635457902329312
9.160296310105027e-6,1.4167101056385962,1.736795589333476
5.004118910032953e-6,0.8149984716303138,1.255987077476793
4.143456806967528e-6,1.3195056833213716,1.7081478968712083
1.1581787853563157e-5,1.5202009520285966,1.8047688161487159
1.1862565332774137e-5,1.5998421356543493,2.0635015096689804
1.015282063144782e-5,1.165869766015774,1.6601359511046905
8.704856262116107e-6,1.4317913253023946,1.8853165855004808
7.385451223699664e-8,0.7738454573600723,1.053533865199788
4.036812770028848e-6,1.1357623176055616,1.5696087272754893
1.22668752541447e-5,1.5957559964632482,1.8676631201714675
1.1368347091036773e-5,1.255649955265128,1.692659415880101
8.384336933101375e-6,1.259620642390955,1.7361941883007894
6.129948913073091e-6,0.9748314613938619,1.4815110575694068
1.1898184782556122e-5,1.5231254335570013,1.8719050429164996
1.2515369947058472e-5,1.5462275126771752,1.9906823906084674
1.2257449841086997e-5,1.5802091405573995,2.034078191481608
1.4044857515813079e-5,1.6969319033690775,2.0376601618170964
1.1511341836158337e-5,1.431517876753992,1.7678644903651464
7.263706703902517e-6,1.0663272605758678,1.4340066069611335
2.6606544227859903e-5,2.0777667826140522,2.646394619734897
1.06250898976665e-5,1.6893778695559902,2.2728553385577124
2.311394528191322e-5,2.372607512503394,2.818709743319683
3.2933868827326794e-6,1.2720254227245908,1.6925134562565667
4.131746230914525e-6,0.9139983481102345,1.2703780978340107
3.2582683164530496e-6,1.0734643962430874,1.5788530288603657
1.208484063021505e-5,1.3114072553957081,1.820614375627227
4.347689334120707e-6,1.1435696953903571,1.591453760617987
8.788591308514151e-6,1.1378807104110211,1.6987789031026117
6.572519545940064e-6,1.231091484078502,1.549266324297986
1.2220156230879038e-5,1.6154087484238722,2.139764230766048
1.3578480693703586e-5,1.4473818360354809,1.9715732653942184
7.562950017685752e-6,1.30024145739124,1.6611384702329381
9.389579642996386e-6,1.259746673943798,1.7133220918272578
1.0324395042720442e-5,1.3441124850033914,1.6702434312069925
1.2890360218714927e-5,1.2147287166787812,1.6734102220964497
5.475780799924795e-6,1.0345110227413337,1.3828721226930838
7.365530763583549e-6,1.3495437905478995,1.7893768000224193
1.2620936242562858e-5,1.7675105911224047,2.1481717106561553
1.7692691891039622e-5,2.063656968655487,2.6542204971368344
1.2856968067965905e-5,1.6263165442791843,2.1256149828222104
7.149147149859833e-6,1.1107795911712859,1.984138516573651
2.4105679644671773e-5,2.342540770780184,2.8874572287565767
5.975208009237333e-6,0.9547084177453617,1.3121878568418062
1.5965617621879953e-5,1.857692570532255,2.1578426536529016
1.7265038712475166e-5,1.9119351553459634,2.4023850365736643
2.067773166781843e-5,2.319733834968182,2.6834044216832926
7.688440436053287e-6,1.101850491281848,1.545166024695807
2.6757330796613234e-6,0.8759441430647812,1.2801591331983873
1.1079424195745235e-5,1.2544179262401456,1.7645359691651756
1.0019439254696503e-5,1.2551137169300237,1.7785450573224661
1.1618920030952776e-5,1.5549174288667387,1.8394081326951657
1.173810618089567e-5,1.203775452297899,1.7728988034412165
1.0698089679972927e-5,1.5415189355145138,1.8438813834675707
9.116124548711475e-6,1.512145307167703,2.085707498431618
1.5615752906202135e-5,1.8605364926509367,2.391625329073796
1.0482182233800048e-5,1.580680660545094,1.827557470571248
1.5049378720418556e-5,1.5541668761649867,1.9443615651848587
1.8411791897681622e-5,1.8832095391662973,2.1872044172669876
5.288854759026788e-6,1.0735165221538698,1.5652294999073508
3.21322845279711e-7,0.8738289154001635,1.2156894465282444
4.0193284499867146e-6,0.9821368585470096,1.5184545391598414
7.356800370089312e-6,0.9138263078888056,1.3434096254055523
1.3232419299685065e-5,1.5471617559761046,1.8997809407243893
8.415890050558983e-6,0.9899733950154211,1.5255917137642034
1.345393101241371e-5,1.9752669085942123,2.4866561235460174
1.7629846850528365e-5,1.9788173011965913,2.4149098727334506
5.915852267751332e-6,1.0281295740973422,1.5588288288790082
7.583932654198329e-6,1.042759731280444,1.3444258711008823
1.1820402957332397e-5,1.5672672691391487,1.7784676290947274
1.1737145056979833e-5,1.5406400589245173,1.7998609630327622
9.343458801083981e-6,1.492869356747922,1.9672681616389007
1.0844641225801552e-5,1.4486598779258584,1.9546181893148478
1.8838935157729262e-6,0.9998573574808425,1.4432254396871982
5.891167866589225e-6,0.8441921400782718,1.3214713054972562
9.593479100689596e-6,1.4811799874852378,1.9043302980493664
9.495751766357534e-6,1.2933438712869298,1.6598317729686611
1.0093342364601861e-5,1.2383998562707452,1.4848814766954554
1.0181189982363835e-5,1.3700464118911588,1.8445702176776002
1.8685159902951504e-5,2.02741895179563,2.2941232112243863
5.848376849836484e-6,1.1092485218956845,1.5594953958977864
5.040974404300789e-7,0.5153826128377672,0.8801033664038518
8.568068034856445e-6,1.150809492280173,1.5783757873159856
2.5376860987381228e-6,1.085141016280933,1.5169921116421246
2.0820450505916657e-5,1.9551826256296405,2.288072487424722
1.0205007700281603e-5,1.4688432442730388,1.8275412026831641
5.600477742532217e-6,1.1376666171257832,1.581135725927624
2.358020533491353e-5,1.8669032771053942,2.6515015078288253
9.119927855892071e-6,1.2385455995135155,1.4749059615182065
7.387586589624292e-6,1.2116487149468884,1.4677289025834148
1.50621980733677e-5,1.862935592430236,2.473065821667288
1.3443766819096468e-5,1.5350312764831369,2.0678409236787156
1.2548196321012257e-5,1.5931085013049031,1.918945983778068
6.451610775485865e-6,1.475181439770236,1.8725425614410387
8.453788534476898e-6,1.2606634815377045,1.694527706014439
2.442785569537369e-5,2.3607500551786273,2.7150516618806355
3.0470776903705026e-6,1.0460304141178554,1.4217850470306694
7.222026083891415e-6,0.8119792090456065,1.3704772500844928
1.5811815431521173e-5,1.8308770305589372,2.4135155978590026
7.796056638938525e-6,1.2634029275055658,1.5301604437204783
1.2392510546951491e-5,1.7766566157783703,2.1111217441049197
7.3450035851124425e-6,1.198925158979355,1.599553943457343
1.6456559464210005e-5,1.625983376101896,2.0863102079083267
1.471577969568251e-5,1.5421139655959721,2.081922268935124
1.7595918602675856e-5,2.09731959011807,2.5806919832416995
9.72064104516866e-6,1.4689669836146102,1.9914612589718708
1.766328456077841e-5,1.9659667930218254,2.473297299185211
3.229992888025688e-6,0.7580558739232377,1.1648249120861833
2.6997289700570083e-6,0.843223762733695,1.073856289757653
3.5339918059343995e-6,1.2590182980104552,1.6342933680355232
7.82263224438287e-6,1.3713871353280012,1.7175182844234689
8.073442396296873e-6,1.2117128281002323,1.727667433868231
1.2685609525629227e-5,1.8174175597906062,2.0897907180432993
4.801535945844318e-6,1.2590911484352745,1.6985615031357246
6.319593294144517e-6,1.061456588067025,1.4839798077875332
1.4621221151035786e-6,0.781172826010936,1.3052621200059815
9.236741632137214e-6,1.0503287798440615,1.3518747357992567
1.3256777528920859e-5,1.434368152309754,1.8632319451398862
1.1435420267634968e-5,1.591256645006778,2.057472993530223
1.0258367359794049e-5,1.3734808724726657,1.8188868934401194
2.200078162444645e-5,2.018452677062607,2.3999292536996606
6.5704393749613414e-6,1.1904743524938524,1.5949037792814647
1.4616835914260436e-5,1.2953574076553893,1.9304212831371745
1.0097532211915379e-5,1.5753166943111316,1.8852890645353753
8.941254187253724e-6,1.4498491329141945,1.9893135449667603
6.843710064123238e-6,0.9598968462205388,1.4847289134684871
9.287721669382113e-6,1.2128593466809034,1.5091629129877868
5.411406585653291e-6,0.9391370985533144,1.3202918358394296
1.171316999251331e-6,0.7528811934080067,1.176824367150458
1.8850866394670533e-5,2.0884429235637256,2.671835674298542
4.593877359417754e-6,0.8533152168885543,1.2030946936330988
1.0522726329943983e-5,1.3504372604239077,1.5853362679012786
1.3444892155871176e-5,1.6905533684118994,2.115922230759848
1.584300560349329e-5,1.8384424718087433,2.156246298741019
1.140919055405053e-5,1.3210928269228688,1.7244129613404535
1.4458898968255035e-5,1.790398502647184,2.1643163439396464
1.5372400707129815e-5,1.8060213574482844,2.1891627161416416
6.622938778325882e-6,1.1983106001323092,1.5777534472119417
1.1925323249301905e-5,1.4578747764576017,1.8223322501904893
1.2609802721953445e-5,1.8180307045594792,2.2689472670130932
9.78992479191754e-6,1.6288013495380422,1.997402019986697
1.60849596776403e-5,1.9454214318873686,2.327755471755863
4.83812098616592e-6,1.291828940073593,1.6133847382167752
8.008512493979419e-6,1.3444681865576005,1.6956462319380687
1.6192282980543854e-5,1.8140185370222641,2.246862427906894
8.382177308587533e-6,1.2148077609252108,1.6727306394975996
1.1474001779169133e-5,1.1932734614808511,1.9386860957301004
2.2860930184650278e-6,1.103213974207483,1.4833816957634922
9.734250107522133e-6,1.4758270319777125,1.8202951660089657
8.980949523329786e-6,1.2919959712695488,1.699142687318019
2.3785321595622033e-5,2.3737472249529286,2.689064580295371
1.5661629073319614e-5,1.4023674217694648,1.9542075823205813
1.0165705544215892e-5,1.4564762556071595,1.9027708901242981
8.584449214832263e-6,1.2145336664615576,1.588498617719214
9.100372889804801e-6,1.3532519355666908,1.6970963370338832
8.037918570246975e-6,1.4683761836758202,1.9441267257065642
1.2196563178606221e-5,1.4562985706003029,1.8074927186574377
2.5193327584383334e-6,1.0983297850267637,1.5063057013081107
1.7277687872643195e-5,1.784603901940527,2.2933267050978605
1.1755085875252149e-5,1.5843679554550951,2.0571106628099285
1.1435245178611376e-5,1.6646355931144297,2.1183084145840727
6.704765184325857e-6,1.0301425104688284,1.4917060570807128
1.1033880525253555e-5,1.448974834184921,1.8989656542945639
1.7201612474198356e-5,1.7225124208882403,2.0953153829151803
4.00041727146579e-6,1.057579106021167,1.4344187695399269
1.2431784001965363e-5,1.740643967792617,2.1660961571591337
9.32170252439037e-6,1.1370229863891244,1.706153806182562
4.821850934545361e-6,1.0729163772536159,1.5171978137325535
1.2931139377562892e-5,1.5195341463335454,1.8568899555836924
1.1781489204642258e-5,1.758613293768593,2.371903208285577
5.159117953855379e-6,1.319014306043669,2.0598841914730714
1.5001534538388814e-5,1.714992431290713,2.1072598003238237
3.8138500917505435e-6,1.0075795711607978,1.3053875687576235
4.858023857366034e-6,0.7964705908842851,1.1390198002008267
1.525385206301796e-5,1.9089898099448948,2.400872755114307
1.5505924260099338e-5,1.9701356288481695,2.4661790856777657
3.871119123424572e-6,1.1733580660136187,1.5425979473558002
7.810127492269232e-6,1.3358950528717837,1.6991048917505607
1.3226040089071177e-5,1.5820561785402858,1.9226343753485509
1.512669010291797e-5,1.789319520214111,2.3288491299555885
1.7501631221371397e-5,1.9119919695256307,2.161276203384344
1.805098802926825e-5,2.3689018833766955,3.0608407895779584
1.8340189422225054e-5,2.024269184048418,2.518395226553797
4.9540124395685914e-6,1.2639327054105278,1.683313410679987
1.0515847620765609e-5,1.3229986659981587,1.6757552222569077
8.093474832330971e-6,1.5648432857896415,1.9686831278418973
8.195939646943639e-6,1.3682900259314603,1.8839190921980606
1.172101620877703e-5,1.5268314259571962,1.9358552241439684
1.2405370792145495e-5,1.4843116807146628,1.966445689146564
1.1760372643842867e-5,1.500777774847167,1.8969782662325991
1.0603553470202647e-5,1.1637779747865857,1.5718492296867752
9.362130279122017e-6,1.3044947669595996,1.6675506949423728
9.841543257332758e-6,1.426456630361851,1.713986399324584
3.4037093756031247e-6,0.9635121018693674,1.2644298822056195
1.62334032992076e-5,1.9887031770940722,2.4226341296232667
1.4625937350625173e-5,1.7056807850469557,2.09455865237505
5.441291250287906e-6,0.9317013093243915,1.2908637907705656
1.1383872191722155e-5,1.637980688114665,2.0142340963639285
2.025500352991664e-5,2.004745134428294,2.469909703796568
4.833648824301092e-6,1.0980191287717016,1.4236773869873813
1.3707481999255993e-5,1.7015746150546591,2.1456449967019005
1.3457097127684667e-5,1.7156776417131592,2.1126023537174916
1.3988431896331255e-5,1.7413476475355443,2.1833280793459036
1.276809871303948e-5,1.5588647815752825,1.987316285632966
2.8540514114783665e-6,0.9236925112533849,1.176663391328277
2.5502962609688002e-6,0.7798148604730913,1.2033881188774407
8.586528543464253e-7,0.984153485992773,1.3925009054757207
1.117838826836183e-5,1.523675574316449,1.770806104548114
6.984258233014424e-6,1.3425554230082195,1.7818573635109722
2.665474802980395e-6,0.5763873699508302,1.0560117527114325
8.886166912273405e-6,1.3803407180281209,2.3099546848984187
4.808008908994487e-6,0.98501966251291,1.4124101275112197
1.6519523904678477e-6,0.8736273394049868,1.112811670508326
1.4891976790101235e-5,1.733616710665921,2.082127973515813
4.8832969861044165e-6,0.9588062694209945,1.3303676758712286
3.562132710850596e-6,1.046279327847191,1.3782191546748885
1.016034888625286e-5,1.4731409386409062,1.8502903359870417
1.9817482115965718e-5,1.9518239275820755,2.3358036371956086
6.040441817476138e-6,1.161735994501145,1.6588167778839948
5.151759938905103e-6,1.0938693825348451,1.4204211379079426
9.685032543041253e-6,1.167089833848535,1.6326284108791915
9.014618688924186e-7,1.0594890002620954,1.553277983132736
1.986649632261116e-5,2.1142399445959077,2.5725149605892077
9.603028262960578e-6,1.5380300021007793,2.037097985788756
8.72653884859836e-6,1.3622667832532707,1.780321130980533
1.8815434730213676e-5,1.9199909983129575,2.4523668138802415
3.354209646957505e-6,0.8205782696324573,1.1824314569729175
2.0303884896326314e-5,1.7867550706902628,2.160035343247423
4.78319857667979e-6,0.9644591340083277,1.4391121395196949
1.6343673036591075e-5,1.663232250659808,2.0282704710935473
1.560203372189424e-5,1.7933011684476534,2.155207844741891
1.4077777058181161e-5,1.59688079983145,1.9724608090895253
4.2498092766634705e-6,1.071760471501415,1.4575596667107984
5.71860635083889e-6,1.1468193183003632,1.523278729524813
1.306492283844672e-5,1.4617107664802869,1.8559212906824507
1.1740378811874785e-5,1.6283648553747012,1.918364753561209
1.1659864684190787e-5,1.7194331049163978,2.039303321114205
1.5612898786679585e-5,1.8182101052340611,2.2056119305746145
5.539887895978762e-7,0.6288887238983429,0.9922714735066116
8.990209467372977e-6,1.513951608875825,1.9559948748534717
7.848089830660183e-6,1.0608551380242979,1.3293508036992985
1.359316279989423e-5,2.043852575665824,2.714499416597249
1.47669808750368e-5,1.5811299152214884,1.9276057182715916
1.227372211614649e-5,1.38623099915731,1.832991387908597
9.09087384415268e-6,1.4810471353605017,1.9641666419453125
1.338020675382354e-5,1.6137399201116465,2.3951035070993543
1.00042634823142e-5,1.4698611071193528,1.7611399369888563
1.676309589164826e-5,1.9633842358054108,2.4115692131692277
2.8994660001176807e-6,0.8762906819751322,1.3597471659355034
4.042255625288947e-6,0.99393264574372,1.4003846314789026
1.5488992395989284e-5,2.00069720930594,2.363481591342982
2.5816653721443077e-6,0.6827755735433267,1.0352177856655569
2.775574503399678e-6,0.9975181987907333,1.2943904061543647
7.502319603983292e-6,1.2770967026715798,1.541278852549289
1.0361259420882621e-5,1.46590838466044,1.8996848008421776
1.820988977978601e-6,0.8239360102648907,1.1428459815357639
1.2176043743136905e-5,1.409423655391966,1.952889093054578
1.8407294528027618e-6,0.7954189345029689,1.3663919699562606
3.2158671687328507e-6,0.8316581727067385,1.2588811941809297
1.0588318455032704e-5,1.5162045997786637,1.9374033100039563
4.974792187971958e-6,1.2337077855453162,1.6483157963946584
6.534858368620552e-6,1.0986367752029107,1.3932350188350429
2.3764449784296538e-6,0.9257808791570633,1.2324190528189591
1.0361947685518572e-5,1.138678318336237,1.5708361863827942
1.369275828121771e-5,1.875657179745014,2.278777142464313
5.077754142897068e-6,1.22827438005524,1.6734268157727328
1.6682128381585585e-5,1.8185547078636444,2.4073915851321184
8.581149587039717e-6,1.1144027267924355,1.4947554904064955
6.717783072558662e-6,0.9993963163530697,1.5049291761185666
5.878269908264325e-6,1.0016692281630586,1.2676882424352063
6.25349810965959e-6,1.1659898457211098,1.563236294280487
7.812072933555946e-6,1.4616205485679836,1.901901162383496
5.9476807915180995e-8,0.6752860330282626,1.1130509637744355
1.0041558818014655e-5,1.3002496328135003,1.640063494352114
1.1567838056915068e-5,1.5279840305657808,2.1788474723067544
1.638708893232742e-5,1.7696390521408927,2.2024026168700663
2.2443766167190216e-6,0.8433779700418952,1.2084875833318733
